file_name,classifier,accuracy,f-measure,TN,FN,FP,TP,CV_fit_time(hh:mm:ss.)
ad.arff.digitized.arff.binarized.arff-noise-0.5-bornfs.arff,SVC,0.9265019823116803,0.6619915848527349,2802,223,18,236,0:52:29.708049
ad.arff.digitized.arff.binarized.arff-noise-0.5-bornfs.arff,naive_bayes,0.2958218969197926,0.2782119412316349,525,14,2295,445,0:00:05.290845
ad.arff.digitized.arff.binarized.arff-noise-0.6-bornfs.arff,SVC,0.9475449832265935,0.7806122448979592,2801,153,19,306,0:42:39.018581
ad.arff.digitized.arff.binarized.arff-noise-0.6-bornfs.arff,naive_bayes,0.6050625190606892,0.39683278993945037,1558,33,1262,426,0:00:05.794493
ad.arff.digitized.arff.binarized.arff-noise-0.7-bornfs.arff,SVC,0.9512046355596219,0.7927461139896373,2813,153,7,306,0:44:51.404389
ad.arff.digitized.arff.binarized.arff-noise-0.7-bornfs.arff,naive_bayes,0.6203110704483074,0.4079885877318117,1605,30,1215,429,0:00:06.730982
ad.arff.digitized.arff.binarized.arff-noise-0.8-bornfs.arff,SVC,0.9524245196706312,0.8102189781021898,2790,126,30,333,1:00:39.296397
ad.arff.digitized.arff.binarized.arff-noise-0.8-bornfs.arff,naive_bayes,0.5404086611771882,0.364403205398566,1340,27,1480,432,0:00:06.832718
