file_name,classifier,accuracy,f-measure,TP,TP,TP,TP,CV_fit_time
ad.arff.digitized.arff.binarized.arff-mrmr.arff,SVC,0.9695028972247637,0.8820754716981132,2805,85,15,374,0:08:38.504792
ad.arff.digitized.arff.binarized.arff-mrmr.arff,naive_bayes,0.9646233607807259,0.8654292343387471,2790,86,30,373,0:00:01.381640
ada.arff.digitized.arff.binarized.arff-mrmr.arff,SVC,0.8473595370147095,0.6500829187396352,2926,441,192,588,0:51:21.340593
ada.arff.digitized.arff.binarized.arff-mrmr.arff,naive_bayes,0.7265493127562093,0.6153324287652646,2106,122,1012,907,0:00:01.461096
