file_name,classifier,accuracy,f-measure,ROC-AUC
arcene-10-disc_mrmr.arff,SVC,0.9627272727272727,0.9577777777777777,0.9633333333333333
arcene-10-disc_mrmr.arff,naive_bayes,0.9293939393939394,0.9305050505050506,0.9366666666666668
