file_name,classifier,accuracy,f-measure,ROC-AUC
arcene-10-disc_mrmr.arff,SVC,0.9686868686868687,0.9638888888888889,0.9675
arcene-10-disc_mrmr.arff,naive_bayes,0.9203030303030303,0.9214141414141415,0.9283333333333333
