file_name,classifier,accuracy,f-measure,ROC-AUC
ada-10-disc_mrmr.arff,SVC,0.8313253012048193,0.5512820512820513,0.6924806724513614
